shots,expected_payment
100.0,-1.92
200.0,-2.1119999999999997
300.0,-2.0693333333333337
400.0,-2.128
500.0,-2.2144
600.0,-2.2293333333333334
700.0,-2.185142857142857
800.0,-2.232
900.0,-2.282666666666667
1000.0,-2.2976
