shots,expected_payment
100.0,-6.000000000000002
200.0,0.0
300.0,1.1111111111111147
400.0,2.166666666666665
500.0,3.3333333333333366
600.0,2.7777777777777755
700.0,2.285714285714284
800.0,2.4999999999999987
900.0,2.96296296296296
1000.0,2.533333333333336
